<?xml version="1.0" encoding="UTF-8"?>
<!DOCTYPE suite SYSTEM "https://testng.org/testng-1.0.dtd">
<suite name="Suite">

  <test name="edgeTest">
  <parameter name="browser" value="edge"/>
    <classes>
      <class name="com.selenium.tests.TestMain"/>
    </classes>
  </test> <!-- Test -->
  
  <test name="chrometest">
  <parameter name="browser" value="chrome"/>
    <classes>
      <class name="com.selenium.tests.TestMain"/>
    </classes>
  </test> <!-- Test -->
</suite> <!-- Suite -->
